orderID,productID,orderQuantity,unitPrice,orderDiscount
10248,11,12,14.00,0.00
10266,12,12,30.40,0.05
10258,2,50,15.20,0.20
10255,2,20,15.20,0.00
10264,2,35,15.20,0.00
10248,72,5,34.80,0.00
10274,72,7,27.80,0.00
10268,72,4,27.80,0.00
10272,72,24,27.80,0.00
10258,5,65,17.00,0.20
10262,5,12,17.00,0.20
10262,7,15,24.00,0.00
10249,14,9,18.60,0.00
10278,63,8,35.10,0.00
10248,42,10,9.80,0.00
10278,44,16,15.50,0.00
10274,71,20,17.20,0.00
10280,24,12,3.60,0.00
10254,24,15,3.60,0.15
10263,24,28,3.60,0.00
10275,24,12,3.60,0.05
10249,51,40,42.40,0.00
10250,51,35,42.40,0.15
10278,73,25,12.00,0.00
10278,59,15,44.00,0.00
10255,59,30,44.00,0.00
10267,59,70,44.00,0.15
10275,59,6,44.00,0.05
10280,55,20,19.20,0.00
10254,55,21,19.20,0.15
10280,75,30,6.20,0.00
10250,41,10,7.70,0.00
10264,41,25,7.70,0.15
10260,41,16,7.70,0.25
10283,15,20,12.40,0.00
10263,16,60,13.90,0.25
10255,16,35,13.90,0.00
10250,65,15,16.80,0.15
10251,65,20,16.80,0.00
10265,17,30,31.20,0.00
10279,17,15,31.20,0.25
10253,31,20,10.00,0.00
10272,31,40,10.00,0.00
10253,39,42,14.40,0.00
10257,39,6,14.40,0.00
10253,49,40,16.00,0.00
10252,20,40,64.80,0.05
10272,20,6,64.80,0.00
10259,21,10,8.00,0.00
10261,21,20,8.00,0.00
10265,70,20,12.00,0.00
10260,70,21,12.00,0.25
10251,22,6,16.80,0.05
10251,57,15,15.60,0.05
10260,57,50,15.60,0.00
10252,33,25,2.00,0.05
10269,33,60,2.00,0.05
10257,27,25,35.10,0.00
10252,60,40,27.20,0.00
10277,28,20,36.40,0.00
10268,29,10,99.00,0.00
10259,37,1,20.80,0.00
10263,30,60,20.70,0.25
10258,32,6,25.60,0.20
10254,74,21,8.00,0.00
10263,74,36,8.00,0.25
10261,35,20,14.40,0.00
10255,36,25,15.20,0.00
10270,36,30,15.20,0.00
10267,40,50,14.70,0.00
10270,43,25,36.80,0.00
10256,53,15,26.20,0.00
10256,77,12,10.40,0.00
10257,77,15,10.40,0.00
10267,76,15,14.40,0.15
10262,56,2,30.40,0.00
10260,62,15,39.40,0.25
10277,62,12,39.40,0.00
10269,72,20,27.80,0.05
10271,33,24,2.00,0.00
10273,10,24,24.80,0.05
10273,31,15,10.00,0.05
10273,33,20,2.00,0.00
10273,40,60,14.70,0.05
10273,76,33,14.40,0.05
10281,19,1,7.30,0.00
10281,24,6,3.60,0.00
10281,35,4,14.40,0.00
10282,30,6,20.70,0.00
10282,57,2,15.60,0.00
10276,10,15,24.80,0.00
10276,13,10,4.80,0.00
10283,19,18,7.30,0.00
10283,60,35,27.20,0.00
10283,72,3,27.80,0.00
10284,27,15,35.10,0.25
10284,44,21,15.50,0.00
10284,60,20,27.20,0.25
10284,67,5,11.20,0.25
10285,1,45,14.40,0.20
10285,40,40,14.70,0.20
10285,53,36,26.20,0.20
10286,35,100,14.40,0.00
10286,62,40,39.40,0.00
10287,16,40,13.90,0.15
10287,34,20,11.20,0.00
10287,46,15,9.60,0.15
10288,54,10,5.90,0.10
10288,68,3,10.00,0.10
10289,3,30,8.00,0.00
10289,64,9,26.60,0.00
10290,5,20,17.00,0.00
10290,29,15,99.00,0.00
10290,49,15,16.00,0.00
10290,77,10,10.40,0.00
10291,13,20,4.80,0.10
10291,44,24,15.50,0.10
10291,51,2,42.40,0.10
10292,20,20,64.80,0.00
10293,18,12,50.00,0.00
10293,24,10,3.60,0.00
10293,63,5,35.10,0.00
10293,75,6,6.20,0.00
10294,1,18,14.40,0.00
10294,17,15,31.20,0.00
10294,43,15,36.80,0.00
10294,60,21,27.20,0.00
10294,75,6,6.20,0.00
10295,56,4,30.40,0.00
10296,11,12,16.80,0.00
10296,16,30,13.90,0.00
10296,69,15,28.80,0.00
10297,39,60,14.40,0.00
10297,72,20,27.80,0.00
10298,2,40,15.20,0.00
10298,36,40,15.20,0.25
10298,59,30,44.00,0.25
10298,62,15,39.40,0.00
10299,19,15,7.30,0.00
10299,70,20,12.00,0.00
10300,66,30,13.60,0.00
10300,68,20,10.00,0.00
10301,40,10,14.70,0.00
10301,56,20,30.40,0.00
10302,17,40,31.20,0.00
10302,28,28,36.40,0.00
10302,43,12,36.80,0.00
10303,40,40,14.70,0.10
10303,65,30,16.80,0.10
10303,68,15,10.00,0.10
10304,49,30,16.00,0.00
10304,59,10,44.00,0.00
10304,71,2,17.20,0.00
10305,18,25,50.00,0.10
10305,29,25,99.00,0.10
10305,39,30,14.40,0.10
10306,30,10,20.70,0.00
10306,53,10,26.20,0.00
10306,54,5,5.90,0.00
10307,62,10,39.40,0.00
10307,68,3,10.00,0.00
10308,69,1,28.80,0.00
10308,70,5,12.00,0.00
10309,4,20,17.60,0.00
10309,6,30,20.00,0.00
10309,42,2,11.20,0.00
10309,43,20,36.80,0.00
10309,71,3,17.20,0.00
10310,16,10,13.90,0.00
10310,62,5,39.40,0.00
10311,42,6,11.20,0.00
10311,69,7,28.80,0.00
10312,28,4,36.40,0.00
10312,43,24,36.80,0.00
10312,53,20,26.20,0.00
10312,75,10,6.20,0.00
10313,36,12,15.20,0.00
10314,32,40,25.60,0.10
10314,58,30,10.60,0.10
10314,62,25,39.40,0.10
10315,34,14,11.20,0.00
10315,70,30,12.00,0.00
10316,41,10,7.70,0.00
10316,62,70,39.40,0.00
10317,1,20,14.40,0.00
10318,41,20,7.70,0.00
10318,76,6,14.40,0.00
10319,17,8,31.20,0.00
10319,28,14,36.40,0.00
10319,76,30,14.40,0.00
10320,71,30,17.20,0.00
10321,35,10,14.40,0.00
10322,52,20,5.60,0.00
10323,15,5,12.40,0.00
10323,25,4,11.20,0.00
10323,39,4,14.40,0.00
10324,16,21,13.90,0.15
10324,35,70,14.40,0.15
10324,46,30,9.60,0.00
10324,59,40,44.00,0.15
10324,63,80,35.10,0.15
10325,6,6,20.00,0.00
10325,13,12,4.80,0.00
10325,14,9,18.60,0.00
10325,31,4,10.00,0.00
10325,72,40,27.80,0.00
10326,4,24,17.60,0.00
10326,57,16,15.60,0.00
10326,75,50,6.20,0.00
10327,2,25,15.20,0.20
10327,11,50,16.80,0.20
10327,30,35,20.70,0.20
10327,58,30,10.60,0.20
10328,59,9,44.00,0.00
10328,65,40,16.80,0.00
10328,68,10,10.00,0.00
10329,19,10,7.30,0.05
10329,30,8,20.70,0.05
10329,38,20,210.80,0.05
10329,56,12,30.40,0.05
10330,26,50,24.90,0.15
10330,72,25,27.80,0.15
10331,54,15,5.90,0.00
10332,18,40,50.00,0.20
10332,42,10,11.20,0.20
10332,47,16,7.60,0.20
10333,14,10,18.60,0.00
10333,21,10,8.00,0.10
10333,71,40,17.20,0.10
10334,52,8,5.60,0.00
10334,68,10,10.00,0.00
10335,2,7,15.20,0.20
10335,31,25,10.00,0.20
10335,32,6,25.60,0.20
10335,51,48,42.40,0.20
10336,4,18,17.60,0.10
10337,23,40,7.20,0.00
10337,26,24,24.90,0.00
10337,36,20,15.20,0.00
10337,37,28,20.80,0.00
10337,72,25,27.80,0.00
10338,17,20,31.20,0.00
10338,30,15,20.70,0.00
10339,4,10,17.60,0.00
10339,17,70,31.20,0.05
10339,62,28,39.40,0.00
10340,18,20,50.00,0.05
10340,41,12,7.70,0.05
10340,43,40,36.80,0.05
10341,33,8,2.00,0.00
10341,59,9,44.00,0.15
10342,2,24,15.20,0.20
10342,31,56,10.00,0.20
10342,36,40,15.20,0.20
10342,55,40,19.20,0.20
10343,64,50,26.60,0.00
10343,68,4,10.00,0.05
10343,76,15,14.40,0.00
10344,4,35,17.60,0.00
10344,8,70,32.00,0.25
10345,8,70,32.00,0.00
10345,19,80,7.30,0.00
10345,42,9,11.20,0.00
10346,17,36,31.20,0.10
10346,56,20,30.40,0.00
10347,25,10,11.20,0.00
10347,39,50,14.40,0.15
10347,40,4,14.70,0.00
10347,75,6,6.20,0.15
10348,1,15,14.40,0.15
10348,23,25,7.20,0.00
10349,54,24,5.90,0.00
10350,50,15,13.00,0.10
10350,69,18,28.80,0.10
10351,38,20,210.80,0.05
10351,41,13,7.70,0.00
10351,44,77,15.50,0.05
10351,65,10,16.80,0.05
10352,24,10,3.60,0.00
10352,54,20,5.90,0.15
10353,11,12,16.80,0.20
10353,38,50,210.80,0.20
10354,1,12,14.40,0.00
10354,29,4,99.00,0.00
10355,24,25,3.60,0.00
10355,57,25,15.60,0.00
10356,31,30,10.00,0.00
10356,55,12,19.20,0.00
10356,69,20,28.80,0.00
10357,10,30,24.80,0.20
10357,26,16,24.90,0.00
10357,60,8,27.20,0.20
10358,24,10,3.60,0.05
10358,34,10,11.20,0.05
10358,36,20,15.20,0.05
10359,16,56,13.90,0.05
10359,31,70,10.00,0.05
10359,60,80,27.20,0.05
10360,28,30,36.40,0.00
10360,29,35,99.00,0.00
10360,38,10,210.80,0.00
10360,49,35,16.00,0.00
10360,54,28,5.90,0.00
10361,39,54,14.40,0.10
10361,60,55,27.20,0.10
10362,25,50,11.20,0.00
10362,51,20,42.40,0.00
10362,54,24,5.90,0.00
10363,31,20,10.00,0.00
10363,75,12,6.20,0.00
10363,76,12,14.40,0.00
10364,69,30,28.80,0.00
10364,71,5,17.20,0.00
10365,11,24,16.80,0.00
10366,65,5,16.80,0.00
10366,77,5,10.40,0.00
10367,34,36,11.20,0.00
10367,54,18,5.90,0.00
10367,65,15,16.80,0.00
10367,77,7,10.40,0.00
10368,21,5,8.00,0.10
10368,28,13,36.40,0.10
10368,57,25,15.60,0.00
10368,64,35,26.60,0.10
10369,29,20,99.00,0.00
10369,56,18,30.40,0.25
10370,1,15,14.40,0.15
10370,64,30,26.60,0.00
10370,74,20,8.00,0.15
10371,36,6,15.20,0.20
10372,20,12,64.80,0.25
10372,38,40,210.80,0.25
10372,60,70,27.20,0.25
10372,72,42,27.80,0.25
10373,58,80,10.60,0.20
10373,71,50,17.20,0.20
10374,31,30,10.00,0.00
10374,58,15,10.60,0.00
10375,14,15,18.60,0.00
10375,54,10,5.90,0.00
10376,31,42,10.00,0.05
10377,28,20,36.40,0.15
10377,39,20,14.40,0.15
10378,71,6,17.20,0.00
10379,41,8,7.70,0.10
10379,63,16,35.10,0.10
10379,65,20,16.80,0.10
10380,30,18,20.70,0.10
10380,53,20,26.20,0.10
10380,60,6,27.20,0.10
10380,70,30,12.00,0.00
10381,74,14,8.00,0.00
10382,5,32,17.00,0.00
10382,18,9,50.00,0.00
10382,29,14,99.00,0.00
10382,33,60,2.00,0.00
10382,74,50,8.00,0.00
10383,13,20,4.80,0.00
10383,50,15,13.00,0.00
10383,56,20,30.40,0.00
10384,20,28,64.80,0.00
10384,60,15,27.20,0.00
10385,7,10,24.00,0.20
10385,60,20,27.20,0.20
10385,68,8,10.00,0.20
10386,24,15,3.60,0.00
10386,34,10,11.20,0.00
10387,24,15,3.60,0.00
10387,28,6,36.40,0.00
10387,59,12,44.00,0.00
10387,71,15,17.20,0.00
10388,45,15,7.60,0.20
10388,52,20,5.60,0.20
10388,53,40,26.20,0.00
10389,10,16,24.80,0.00
10389,55,15,19.20,0.00
10389,62,20,39.40,0.00
10389,70,30,12.00,0.00
10390,31,60,10.00,0.10
10390,35,40,14.40,0.10
10390,46,45,9.60,0.00
10390,72,24,27.80,0.10
10391,13,18,4.80,0.00
10392,69,50,28.80,0.00
10393,2,25,15.20,0.25
10393,14,42,18.60,0.25
10393,25,7,11.20,0.25
10393,26,70,24.90,0.25
10393,31,32,10.00,0.00
10394,13,10,4.80,0.00
10394,62,10,39.40,0.00
10395,46,28,9.60,0.10
10395,53,70,26.20,0.10
10395,69,8,28.80,0.00
10396,23,40,7.20,0.00
10396,71,60,17.20,0.00
10396,72,21,27.80,0.00
10397,21,10,8.00,0.15
10397,51,18,42.40,0.15
10398,35,30,14.40,0.00
10398,55,120,19.20,0.10
10399,68,60,10.00,0.00
10399,71,30,17.20,0.00
10399,76,35,14.40,0.00
10399,77,14,10.40,0.00
10400,29,21,99.00,0.00
10400,35,35,14.40,0.00
10400,49,30,16.00,0.00
10401,30,18,20.70,0.00
10401,56,70,30.40,0.00
10401,65,20,16.80,0.00
10401,71,60,17.20,0.00
10402,23,60,7.20,0.00
10402,63,65,35.10,0.00
10403,16,21,13.90,0.15
10403,48,70,10.20,0.15
10404,26,30,24.90,0.05
10404,42,40,11.20,0.05
10404,49,30,16.00,0.05
10405,3,50,8.00,0.00
10406,1,10,14.40,0.00
10406,21,30,8.00,0.10
10406,28,42,36.40,0.10
10406,36,5,15.20,0.10
10406,40,2,14.70,0.10
10407,11,30,16.80,0.00
10407,69,15,28.80,0.00
10407,71,15,17.20,0.00
10408,37,10,20.80,0.00
10408,54,6,5.90,0.00
10408,62,35,39.40,0.00
10409,14,12,18.60,0.00
10409,21,12,8.00,0.00
10410,33,49,2.00,0.00
10410,59,16,44.00,0.00
10411,41,25,7.70,0.20
10411,44,40,15.50,0.20
10411,59,9,44.00,0.20
10412,14,20,18.60,0.10
10413,1,24,14.40,0.00
10413,62,40,39.40,0.00
10413,76,14,14.40,0.00
10414,19,18,7.30,0.05
10414,33,50,2.00,0.00
10415,17,2,31.20,0.00
10415,33,20,2.00,0.00
10416,19,20,7.30,0.00
10416,53,10,26.20,0.00
10416,57,20,15.60,0.00
10417,38,50,210.80,0.00
10417,46,2,9.60,0.25
10417,68,36,10.00,0.25
10417,77,35,10.40,0.00
10418,2,60,15.20,0.00
10418,47,55,7.60,0.00
10418,61,16,22.80,0.00
10418,74,15,8.00,0.00
10419,60,60,27.20,0.05
10419,69,20,28.80,0.05
10420,9,20,77.60,0.10
10420,13,2,4.80,0.10
10420,70,8,12.00,0.10
10420,73,20,12.00,0.10
10421,19,4,7.30,0.15
10421,26,30,24.90,0.00
10421,53,15,26.20,0.15
10421,77,10,10.40,0.15
10422,26,2,24.90,0.00
10423,31,14,10.00,0.00
10423,59,20,44.00,0.00
10424,35,60,14.40,0.20
10424,38,49,210.80,0.20
10424,68,30,10.00,0.20
10425,55,10,19.20,0.25
10425,76,20,14.40,0.25
10426,56,5,30.40,0.00
10426,64,7,26.60,0.00
10427,14,35,18.60,0.00
10428,46,20,9.60,0.00
10429,50,40,13.00,0.00
10429,63,35,35.10,0.25
10430,17,45,31.20,0.20
10430,21,50,8.00,0.00
10430,56,30,30.40,0.00
10430,59,70,44.00,0.20
10431,17,50,31.20,0.25
10431,40,50,14.70,0.25
10431,47,30,7.60,0.25
10432,26,10,24.90,0.00
10432,54,40,5.90,0.00
10433,56,28,30.40,0.00
10434,11,6,16.80,0.00
10434,76,18,14.40,0.15
10435,2,10,15.20,0.00
10435,22,12,16.80,0.00
10435,72,10,27.80,0.00
10436,46,5,9.60,0.00
10436,56,40,30.40,0.10
10436,64,30,26.60,0.10
10436,75,24,6.20,0.10
10437,53,15,26.20,0.00
10438,19,15,7.30,0.20
10438,34,20,11.20,0.20
10438,57,15,15.60,0.20
10439,12,15,30.40,0.00
10439,16,16,13.90,0.00
10439,64,6,26.60,0.00
10439,74,30,8.00,0.00
10440,2,45,15.20,0.15
10440,16,49,13.90,0.15
10440,29,24,99.00,0.15
10440,61,90,22.80,0.15
10441,27,50,35.10,0.00
10442,11,30,16.80,0.00
10442,54,80,5.90,0.00
10442,66,60,13.60,0.00
10443,11,6,16.80,0.20
10443,28,12,36.40,0.00
10444,17,10,31.20,0.00
10444,26,15,24.90,0.00
10444,35,8,14.40,0.00
10444,41,30,7.70,0.00
10445,39,6,14.40,0.00
10445,54,15,5.90,0.00
10446,19,12,7.30,0.10
10446,24,20,3.60,0.10
10446,31,3,10.00,0.10
10446,52,15,5.60,0.10
10447,19,40,7.30,0.00
10447,65,35,16.80,0.00
10447,71,2,17.20,0.00
10448,26,6,24.90,0.00
10448,40,20,14.70,0.00
10449,10,14,24.80,0.00
10449,52,20,5.60,0.00
10449,62,35,39.40,0.00
10450,10,20,24.80,0.20
10450,54,6,5.90,0.20
10451,55,120,19.20,0.10
10451,64,35,26.60,0.10
10451,65,28,16.80,0.10
10451,77,55,10.40,0.10
10452,28,15,36.40,0.00
10452,44,100,15.50,0.05
10453,48,15,10.20,0.10
10453,70,25,12.00,0.10
10454,16,20,13.90,0.20
10454,33,20,2.00,0.20
10454,46,10,9.60,0.20
10455,39,20,14.40,0.00
10455,53,50,26.20,0.00
10455,61,25,22.80,0.00
10455,71,30,17.20,0.00
10456,21,40,8.00,0.15
10456,49,21,16.00,0.15
10457,59,36,44.00,0.00
10458,26,30,24.90,0.00
10458,28,30,36.40,0.00
10458,43,20,36.80,0.00
10458,56,15,30.40,0.00
10458,71,50,17.20,0.00
10459,7,16,24.00,0.05
10459,46,20,9.60,0.05
10459,72,40,27.80,0.00
10460,68,21,10.00,0.25
10460,75,4,6.20,0.25
10461,21,40,8.00,0.25
10461,30,28,20.70,0.25
10461,55,60,19.20,0.25
10462,13,1,4.80,0.00
10462,23,21,7.20,0.00
10463,19,21,7.30,0.00
10463,42,50,11.20,0.00
10464,4,16,17.60,0.20
10464,43,3,36.80,0.00
10464,56,30,30.40,0.20
10464,60,20,27.20,0.00
10465,24,25,3.60,0.00
10465,29,18,99.00,0.10
10465,40,20,14.70,0.00
10465,45,30,7.60,0.10
10465,50,25,13.00,0.00
10466,11,10,16.80,0.00
10466,46,5,9.60,0.00
10467,24,28,3.60,0.00
10467,25,12,11.20,0.00
10468,30,8,20.70,0.00
10468,43,15,36.80,0.00
10469,2,40,15.20,0.15
10469,16,35,13.90,0.15
10469,44,2,15.50,0.15
10470,18,30,50.00,0.00
10470,23,15,7.20,0.00
10470,64,8,26.60,0.00
10471,7,30,24.00,0.00
10471,56,20,30.40,0.00
10472,24,80,3.60,0.05
10472,51,18,42.40,0.00
10473,33,12,2.00,0.00
10473,71,12,17.20,0.00
10474,14,12,18.60,0.00
10474,28,18,36.40,0.00
10474,40,21,14.70,0.00
10474,75,10,6.20,0.00
10475,31,35,10.00,0.15
10475,66,60,13.60,0.15
10475,76,42,14.40,0.15
10476,55,2,19.20,0.05
10476,70,12,12.00,0.00
10477,1,15,14.40,0.00
10477,21,21,8.00,0.25
10477,39,20,14.40,0.25
10478,10,20,24.80,0.05
10479,38,30,210.80,0.00
10479,53,28,26.20,0.00
10479,59,60,44.00,0.00
10479,64,30,26.60,0.00
10480,47,30,7.60,0.00
10480,59,12,44.00,0.00
10481,49,24,16.00,0.00
10481,60,40,27.20,0.00
10482,40,10,14.70,0.00
10483,34,35,11.20,0.05
10483,77,30,10.40,0.05
10484,21,14,8.00,0.00
10484,40,10,14.70,0.00
10484,51,3,42.40,0.00
10485,2,20,15.20,0.10
10485,3,20,8.00,0.10
10485,55,30,19.20,0.10
10485,70,60,12.00,0.10
10486,11,5,16.80,0.00
10486,51,25,42.40,0.00
10486,74,16,8.00,0.00
10487,19,5,7.30,0.00
10487,26,30,24.90,0.00
10487,54,24,5.90,0.25
10488,59,30,44.00,0.00
10488,73,20,12.00,0.20
10489,11,15,16.80,0.25
10489,16,18,13.90,0.00
10490,59,60,44.00,0.00
10490,68,30,10.00,0.00
10490,75,36,6.20,0.00
10491,44,15,15.50,0.15
10491,77,7,10.40,0.15
10492,25,60,11.20,0.05
10492,42,20,11.20,0.05
10493,65,15,16.80,0.10
10493,66,10,13.60,0.10
10493,69,10,28.80,0.10
10494,56,30,30.40,0.00
10495,23,10,7.20,0.00
10495,41,20,7.70,0.00
10495,77,5,10.40,0.00
10496,31,20,10.00,0.05
10497,56,14,30.40,0.00
10497,72,25,27.80,0.00
10497,77,25,10.40,0.00
10498,24,14,4.50,0.00
10498,40,5,18.40,0.00
10498,42,30,14.00,0.00
10499,28,20,45.60,0.00
10499,49,25,20.00,0.00
10500,15,12,15.50,0.05
10500,28,8,45.60,0.05
10501,54,20,7.45,0.00
10502,45,21,9.50,0.00
10502,53,6,32.80,0.00
10502,67,30,14.00,0.00
10503,14,70,23.25,0.00
10503,65,20,21.05,0.00
10504,2,12,19.00,0.00
10504,21,12,10.00,0.00
10504,53,10,32.80,0.00
10504,61,25,28.50,0.00
10505,62,3,49.30,0.00
10506,25,18,14.00,0.10
10506,70,14,15.00,0.10
10507,43,15,46.00,0.15
10507,48,15,12.75,0.15
10508,13,10,6.00,0.00
10508,39,10,18.00,0.00
10509,28,3,45.60,0.00
10510,29,36,123.79,0.00
10510,75,36,7.75,0.10
10511,4,50,22.00,0.15
10511,7,50,30.00,0.15
10511,8,10,40.00,0.15
10512,24,10,4.50,0.15
10512,46,9,12.00,0.15
10512,47,6,9.50,0.15
10512,60,12,34.00,0.15
10513,21,40,10.00,0.20
10513,32,50,32.00,0.20
10513,61,15,28.50,0.20
10514,20,39,81.00,0.00
10514,28,35,45.60,0.00
10514,56,70,38.00,0.00
10514,65,39,21.05,0.00
10514,75,50,7.75,0.00
10515,9,16,97.00,0.15
10515,16,50,17.45,0.00
10515,27,120,43.90,0.00
10515,33,16,2.50,0.15
10515,60,84,34.00,0.15
10516,18,25,62.50,0.10
10516,41,80,9.65,0.10
10516,42,20,14.00,0.00
10517,52,6,7.00,0.00
10517,59,4,55.00,0.00
10517,70,6,15.00,0.00
10518,24,5,4.50,0.00
10518,38,15,263.50,0.00
10518,44,9,19.45,0.00
10519,10,16,31.00,0.05
10519,56,40,38.00,0.00
10519,60,10,34.00,0.05
10520,24,8,4.50,0.00
10520,53,5,32.80,0.00
10521,35,3,18.00,0.00
10521,41,10,9.65,0.00
10521,68,6,12.50,0.00
10522,1,40,18.00,0.20
10522,8,24,40.00,0.00
10522,30,20,25.89,0.20
10522,40,25,18.40,0.20
10523,17,25,39.00,0.10
10523,20,15,81.00,0.10
10523,37,18,26.00,0.10
10523,41,6,9.65,0.10
10524,10,2,31.00,0.00
10524,30,10,25.89,0.00
10524,43,60,46.00,0.00
10524,54,15,7.45,0.00
10525,36,30,19.00,0.00
10525,40,15,18.40,0.10
10526,1,8,18.00,0.15
10526,13,10,6.00,0.00
10526,56,30,38.00,0.15
10527,4,50,22.00,0.10
10527,36,30,19.00,0.10
10528,11,3,21.00,0.00
10528,33,8,2.50,0.20
10528,72,9,34.80,0.00
10529,55,14,24.00,0.00
10529,68,20,12.50,0.00
10529,69,10,36.00,0.00
10530,17,40,39.00,0.00
10530,43,25,46.00,0.00
10530,61,20,28.50,0.00
10530,76,50,18.00,0.00
10531,59,2,55.00,0.00
10532,30,15,25.89,0.00
10532,66,24,17.00,0.00
10533,4,50,22.00,0.05
10533,72,24,34.80,0.00
10533,73,24,15.00,0.05
10534,30,10,25.89,0.00
10534,40,10,18.40,0.20
10534,54,10,7.45,0.20
10535,11,50,21.00,0.10
10535,40,10,18.40,0.10
10535,57,5,19.50,0.10
10535,59,15,55.00,0.10
10536,12,15,38.00,0.25
10536,31,20,12.50,0.00
10536,33,30,2.50,0.00
10536,60,35,34.00,0.25
10537,31,30,12.50,0.00
10537,51,6,53.00,0.00
10537,58,20,13.25,0.00
10537,72,21,34.80,0.00
10537,73,9,15.00,0.00
10538,70,7,15.00,0.00
10538,72,1,34.80,0.00
10539,13,8,6.00,0.00
10539,21,15,10.00,0.00
10539,33,15,2.50,0.00
10539,49,6,20.00,0.00
10540,3,60,10.00,0.00
10540,26,40,31.23,0.00
10540,38,30,263.50,0.00
10540,68,35,12.50,0.00
10541,24,35,4.50,0.10
10541,38,4,263.50,0.10
10541,65,36,21.05,0.10
10541,71,9,21.50,0.10
10542,11,15,21.00,0.05
10542,54,24,7.45,0.05
10543,12,30,38.00,0.15
10543,23,70,9.00,0.15
10544,28,7,45.60,0.00
10544,67,7,14.00,0.00
10545,11,10,21.00,0.00
10546,7,10,30.00,0.00
10546,35,30,18.00,0.00
10546,62,40,49.30,0.00
10547,32,24,32.00,0.15
10547,36,60,19.00,0.00
10548,34,10,14.00,0.25
10548,41,14,9.65,0.00
10549,31,55,12.50,0.15
10549,45,100,9.50,0.15
10549,51,48,53.00,0.15
10550,17,8,39.00,0.10
10550,19,10,9.20,0.00
10550,21,6,10.00,0.10
10550,61,10,28.50,0.10
10551,16,40,17.45,0.15
10551,35,20,18.00,0.15
10551,44,40,19.45,0.00
10552,69,18,36.00,0.00
10552,75,30,7.75,0.00
10553,11,15,21.00,0.00
10553,16,14,17.45,0.00
10553,22,24,21.00,0.00
10553,31,30,12.50,0.00
10553,35,6,18.00,0.00
10554,16,30,17.45,0.05
10554,23,20,9.00,0.05
10554,62,20,49.30,0.05
10554,77,10,13.00,0.05
10555,14,30,23.25,0.20
10555,19,35,9.20,0.20
10555,24,18,4.50,0.20
10555,51,20,53.00,0.20
10555,56,40,38.00,0.20
10556,72,24,34.80,0.00
10557,64,30,33.25,0.00
10557,75,20,7.75,0.00
10558,47,25,9.50,0.00
10558,51,20,53.00,0.00
10558,52,30,7.00,0.00
10558,53,18,32.80,0.00
10558,73,3,15.00,0.00
10559,41,12,9.65,0.05
10559,55,18,24.00,0.05
10560,30,20,25.89,0.00
10560,62,15,49.30,0.25
10561,44,10,19.45,0.00
10561,51,50,53.00,0.00
10562,33,20,2.50,0.10
10562,62,10,49.30,0.10
10563,36,25,19.00,0.00
10563,52,70,7.00,0.00
10564,17,16,39.00,0.05
10564,31,6,12.50,0.05
10564,55,25,24.00,0.05
10565,24,25,4.50,0.10
10565,64,18,33.25,0.10
10566,11,35,21.00,0.15
10566,18,18,62.50,0.15
10566,76,10,18.00,0.00
10567,31,60,12.50,0.20
10567,51,3,53.00,0.00
10567,59,40,55.00,0.20
10568,10,5,31.00,0.00
10569,31,35,12.50,0.20
10569,76,30,18.00,0.00
10570,11,15,21.00,0.05
10570,56,60,38.00,0.05
10571,14,11,23.25,0.15
10571,42,28,14.00,0.15
10572,16,12,17.45,0.10
10572,32,10,32.00,0.10
10572,40,50,18.40,0.00
10572,75,15,7.75,0.10
10573,17,18,39.00,0.00
10573,34,40,14.00,0.00
10573,53,25,32.80,0.00
10574,33,14,2.50,0.00
10574,40,2,18.40,0.00
10574,62,10,49.30,0.00
10574,64,6,33.25,0.00
10575,59,12,55.00,0.00
10575,63,6,43.90,0.00
10575,72,30,34.80,0.00
10575,76,10,18.00,0.00
10576,1,10,18.00,0.00
10576,31,20,12.50,0.00
10576,44,21,19.45,0.00
10577,39,10,18.00,0.00
10577,75,20,7.75,0.00
10577,77,18,13.00,0.00
10578,35,20,18.00,0.00
10578,57,6,19.50,0.00
10579,15,10,15.50,0.00
10579,75,21,7.75,0.00
10580,14,15,23.25,0.05
10580,41,9,9.65,0.05
10580,65,30,21.05,0.05
10581,75,50,7.75,0.20
10582,57,4,19.50,0.00
10582,76,14,18.00,0.00
10583,29,10,123.79,0.00
10583,60,24,34.00,0.15
10583,69,10,36.00,0.15
10584,31,50,12.50,0.05
10585,47,15,9.50,0.00
10586,52,4,7.00,0.15
10587,26,6,31.23,0.00
10587,35,20,18.00,0.00
10587,77,20,13.00,0.00
10588,18,40,62.50,0.20
10588,42,100,14.00,0.20
10589,35,4,18.00,0.00
10590,1,20,18.00,0.00
10590,77,60,13.00,0.05
10591,3,14,10.00,0.00
10591,7,10,30.00,0.00
10591,54,50,7.45,0.00
10592,15,25,15.50,0.05
10592,26,5,31.23,0.05
10593,20,21,81.00,0.20
10593,69,20,36.00,0.20
10593,76,4,18.00,0.20
10594,52,24,7.00,0.00
10594,58,30,13.25,0.00
10595,35,30,18.00,0.25
10595,61,120,28.50,0.25
10595,69,65,36.00,0.25
10596,56,5,38.00,0.20
10596,63,24,43.90,0.20
10596,75,30,7.75,0.20
10597,24,35,4.50,0.20
10597,57,20,19.50,0.00
10597,65,12,21.05,0.20
10598,27,50,43.90,0.00
10598,71,9,21.50,0.00
10599,62,10,49.30,0.00
10600,54,4,7.45,0.00
10600,73,30,15.00,0.00
10601,13,60,6.00,0.00
10601,59,35,55.00,0.00
10602,77,5,13.00,0.25
10603,22,48,21.00,0.00
10603,49,25,20.00,0.05
10604,48,6,12.75,0.10
10604,76,10,18.00,0.10
10605,16,30,17.45,0.05
10605,59,20,55.00,0.05
10605,60,70,34.00,0.05
10605,71,15,21.50,0.05
10606,4,20,22.00,0.20
10606,55,20,24.00,0.20
10606,62,10,49.30,0.20
10607,7,45,30.00,0.00
10607,17,100,39.00,0.00
10607,33,14,2.50,0.00
10607,40,42,18.40,0.00
10607,72,12,34.80,0.00
10608,56,28,38.00,0.00
10609,1,3,18.00,0.00
10609,10,10,31.00,0.00
10609,21,6,10.00,0.00
10610,36,21,19.00,0.25
10611,1,6,18.00,0.00
10611,2,10,19.00,0.00
10611,60,15,34.00,0.00
10612,10,70,31.00,0.00
10612,36,55,19.00,0.00
10612,49,18,20.00,0.00
10612,60,40,34.00,0.00
10612,76,80,18.00,0.00
10613,13,8,6.00,0.10
10613,75,40,7.75,0.00
10614,11,14,21.00,0.00
10614,21,8,10.00,0.00
10614,39,5,18.00,0.00
10615,55,5,24.00,0.00
10616,38,15,263.50,0.05
10616,56,14,38.00,0.00
10616,70,15,15.00,0.05
10616,71,15,21.50,0.05
10617,59,30,55.00,0.15
10618,6,70,25.00,0.00
10618,56,20,38.00,0.00
10618,68,15,12.50,0.00
10619,21,42,10.00,0.00
10619,22,40,21.00,0.00
10620,24,5,4.50,0.00
10620,52,5,7.00,0.00
10621,19,5,9.20,0.00
10621,23,10,9.00,0.00
10621,70,20,15.00,0.00
10621,71,15,21.50,0.00
10622,2,20,19.00,0.00
10622,68,18,12.50,0.20
10623,14,21,23.25,0.00
10623,19,15,9.20,0.10
10623,21,25,10.00,0.10
10623,24,3,4.50,0.00
10623,35,30,18.00,0.10
10624,28,10,45.60,0.00
10624,29,6,123.79,0.00
10624,44,10,19.45,0.00
10625,14,3,23.25,0.00
10625,42,5,14.00,0.00
10625,60,10,34.00,0.00
